Id;Name;Username;UserAvatar
1;Passacaglia;fabnem;fabnem.png
2;Moonlight Sonata;Clus;clus.png
3;Prelude;fabnem;fabnem.png
4;Ode to Joy;Chip;chip.png
5;Four Seasons;Isak;isak.png
6;The final countdown;Joker;joker.png
7;Back in the USSR;Joker;joker.png
8;Amsterdam;Clus;clus.png
9;Vesoul;fabnem;fabnem.png
10;La valse à mille temps;Chip;chip.png
11;Padam Padam;Isak;isak.png
12;L'hymne à l'amour;Clus;clus.png
13;Takogo kak Putin;fabnem;fabnem.png
14;Dragostea din tei;Chip;chip.png
15;Shum;Isak;isak.png
16;Dancing Lasha Tumbai;Tijmen;tijmen.png
17;Stefania;Tijmen;tijmen.png
